CBSA_TITLE,REGION,POP,ped_rate,homicide_rate,built_pre40,built_80s,econ_connectedness,cohesiveness_clustering,civic_volunteering
"Akron, OH",Midwest,699508,1.3723931677693464,7.147881082132012,0.1858369543702223,0.0818181532554771,0.7728721219024095,0.10373115192759214,0.07002942548531771
"Albany-Schenectady-Troy, NY",Northeast,902372,1.5293027709193106,1.7731046619354325,0.2611380511296953,0.1038234194858463,0.9076766609842006,0.09957505770198222,0.07924635664262261
"Albuquerque, NM",West,918567,5.166262369863215,13.194464856673491,0.0316125326396953,0.1572499630020744,0.6684407128408967,0.0781471690793517,0.06063744245959614
"Allentown-Bethlehem-Easton, PA-NJ",Northeast,866764,1.1075679192952177,1.845946532158696,0.2543560295779614,0.1096122821291022,0.9025849142329457,0.09461355286642223,0.0580871999365456
"Atlanta-Sandy Springs-Roswell, GA",South,6176937,2.7683623776638813,9.208447487808275,0.0280054830684875,0.1673200995075391,0.7615206166521213,0.09005714580144214,0.05343303193046126
"Augusta-Richmond County, GA-SC",South,618022,2.5241819870490048,9.870198795512136,0.0475228331780055,0.1573420316868592,0.6430531222158001,0.10053300223904425,0.047986483136530374
"Austin-Round Rock-San Marcos, TX",South,2357497,2.570522889318629,3.5461338869148085,0.0198333158559664,0.142535416635457,0.8564694711186284,0.08207071200638812,0.07333065765989816
"Bakersfield-Delano, CA",West,910433,4.788930102489695,11.928390117669286,0.0416938987982829,0.1604139502957491,0.6207,0.087279998,0.05748
"Baltimore-Columbia-Towson, MD",South,2839409,2.296252494797333,14.052220021842572,0.146466277107043,0.134326972459261,0.9574237183803097,0.08617747356002291,0.06711244666563859
"Baton Rouge, LA",South,871379,4.062526179767931,15.630397335717294,0.0338894366660092,0.153021757707224,0.7901109178153494,0.10285716040351685,0.060433704255300605
"Birmingham, AL",South,1181432,2.2853621706539182,16.13296406394951,0.0703308347471161,0.1251269535546039,0.6645182591356553,0.1005430958894821,0.05870255219116537
"Boise City, ID",West,790640,1.087726398866741,0.3797521382607232,0.0517462455558649,0.0889895542589222,0.9134932959748336,0.0839425924363975,0.11316583951429042
"Boston-Cambridge-Newton, MA-NH",Northeast,4917661,0.9191361502958418,1.8952099382206296,0.3149339652933526,0.1046717178505083,1.001294017289845,0.0969679229154398,0.06942584029162244
"Buffalo-Cheektowaga, NY",Northeast,1161385,1.102132367819457,7.301626936803904,0.2933547033065468,0.0705431205836519,0.7763695080362681,0.09896893982672923,0.06486188372209231
"Cape Coral-Fort Myers, FL",South,792692,3.1790405352898734,4.667638881179576,0.0059245589120566,0.2049934571858229,0.67043,0.085759997,0.064120002
"Charleston-North Charleston, SC",South,817756,3.668575956642324,11.128013735148382,0.0340017177768294,0.1463729520372941,0.7635866337034982,0.09161125262787341,0.06191277650215937
"Charlotte-Concord-Gastonia, NC-SC",South,2712818,2.1011361617329287,7.0480216512865965,0.0409414848448695,0.1226376032506859,0.701181880948079,0.09248526883494601,0.049143016134414755
"Chattanooga, TN-GA",South,569333,1.9672142665188912,6.182673409059373,0.0742328044431545,0.1198490854082764,0.7344890070190003,0.09767127756003609,0.05746994686521883
"Chicago-Naperville-Elgin, IL-IN",Midwest,9359555,1.5599032218946307,11.395840934745294,0.2011503820240908,0.092070443209697,0.8197282943154373,0.08930184658440816,0.0675659770981749
"Cincinnati, OH-KY-IN",Midwest,2255257,1.277016322308278,5.267692329521647,0.1648539140795822,0.1069123734010399,0.813474974729171,0.0949563555595066,0.07680504449288858
"Cleveland, OH",Midwest,2171978,1.114191764373304,10.884088144539216,0.2255527424168205,0.0706373234657082,0.7709894447815179,0.09231130548861939,0.06718061684996587
"Colorado Springs, CO",West,760782,1.4984581654140083,8.149509320672676,0.0491122219751247,0.1644540705001143,0.9634552983673796,0.07845822499993964,0.06339444881297998
"Columbia, SC",South,839868,3.500550086442155,9.906318611972358,0.037308612792826,0.1346712012671152,0.655223016563948,0.09948473965987115,0.0583214059997404
"Columbus, OH",Midwest,2151847,1.6636870558176302,7.900189929860256,0.1212780948739655,0.1149302236666029,0.8343825271800753,0.09457384382152681,0.0854522661140428
"Dallas-Fort Worth-Arlington, TX",South,7807555,2.208117650147838,6.547504308326998,0.0248282306544805,0.1648642557750564,0.7902253500633657,0.08400662043534467,0.052921559235294145
"Dayton-Kettering-Beavercreek, OH",Midwest,813608,1.352002438520762,7.227067580456435,0.1528506197701842,0.0885905209084936,0.7481200585228837,0.09577692154267703,0.08865879222865151
"Deltona-Daytona Beach-Ormond Beach, FL",South,689939,3.7104729548554296,4.725055403448711,0.0180782528814909,0.2286017522319106,0.7415385630094853,0.08740926679667377,0.0525638219294677
"Denver-Aurora-Centennial, CO",West,2977085,2.0153942531032873,6.0529007401535395,0.0627561885374181,0.1350239247275797,0.9762606768789089,0.08041670998169073,0.06412184994286638
"Des Moines-West Des Moines, IA",Midwest,720331,0.9162454482730856,2.2212010867226315,0.1525015791775318,0.0782494614599698,0.9234099492062786,0.10155878204058164,0.08914601981560948
"Detroit-Warren-Dearborn, MI",Midwest,4367620,1.9507191559705284,10.156561239301954,0.1281296561967466,0.0904434801364328,0.7753848104171358,0.09124787351976649,0.07104341873794671
"Durham-Chapel Hill, NC",South,594291,1.850945075728894,7.403780302915576,0.0468818455123652,0.1449095825842611,0.7845226073365552,0.09453109742248489,0.072186402224308
"El Paso, TX",South,869606,2.483883505863575,4.599784270117731,0.0406967714681526,0.1468401140578115,0.6465899899999998,0.076970004,0.030540001
"Fayetteville-Springdale-Rogers, AR",South,563436,1.9168104274487252,0.7809227667383696,0.0292323722909372,0.1283303323465681,0.8285254444605776,0.09350892204980492,0.08102873100255567
"Fresno, CA",West,1170942,3.945541282147194,8.813416889991135,0.0497004110905239,0.1329761883523501,0.5760635798623562,0.0854964283711235,0.033627073980289336
"Grand Rapids-Wyoming-Kentwood, MI",Midwest,1154320,1.282140134451452,3.153371682029247,0.1524480592166986,0.1103627065930771,0.8936789700093126,0.10002718752345921,0.11122137295474854
"Greensboro-High Point, NC",South,779894,2.667029109084055,9.46282443511554,0.0603048570142254,0.1437341768451333,0.6349626120575607,0.09832699653419985,0.04242719708950264
"Greenville-Anderson-Greer, SC",South,945301,2.8350758118313637,6.791487579088565,0.036617736648197,0.132783112374653,0.6856693968620575,0.09493375809150391,0.048259616355330576
"Harrisburg-Carlisle, PA",Northeast,597894,1.1707760907451823,3.445426781335822,0.1794947463247571,0.1143072371026737,0.8737322781902964,0.10014503407910058,0.06629738983028043
"Houston-Pasadena-The Woodlands, TX",South,7274714,2.614535774189886,9.380437498986216,0.0234126056173348,0.1467721736533525,0.7285211197215732,0.08283427997597462,0.050281832097410245
"Huntsville, AL",South,504712,2.179460761780976,6.696888522563363,0.0228693468257895,0.1485545106234761,0.7385871066204185,0.09940095790267459,0.06407526995399146
"Indianapolis-Carmel-Greenwood, IN",Midwest,2106327,2.01298278947191,10.425731617170552,0.12191369184368,0.098973242446729,0.8027936473047961,0.09317705895882893,0.08401419485374147
"Jackson, MS",South,615908,3.3771277528462043,23.70483903440124,0.030607419667068,0.1424750448859563,0.6736357258851253,0.11195987408012828,0.04126445461305742
"Jacksonville, FL",South,1645707,3.4757098317015123,9.965321895088252,0.0380341060163931,0.1614495267100287,0.7473092054203577,0.08201478524364945,0.062140480772215546
"Kansas City, MO-KS",Midwest,2202006,1.6167076747293148,11.16254905754117,0.113505414539501,0.1196722656891174,0.9111244929144768,0.09247609975822782,0.08484613192226216
"Kiryas Joel-Poughkeepsie-Newburgh, NY",Northeast,700984,1.084190224027938,0.5706264336989146,0.1919873402779826,0.1286223330480714,0.8961691469609637,0.10141312098565586,0.07607913469332604
"Knoxville, TN",South,919553,1.7617255340366458,3.958445027094686,0.0639644270308014,0.1316675071766622,0.7477608230088463,0.09708755755415838,0.07193475040742361
"Lakeland-Winter Haven, FL",South,760961,3.311602040051987,5.440489065799693,0.029461713419257,0.169598180439727,0.61522001,0.07914,0.049970001
"Lancaster, PA",Northeast,555151,1.008734560506961,2.3777314640521228,0.1948288603388367,0.141873562743559,0.88984001,0.096259996,0.057349999
"Las Vegas-Henderson-North Las Vegas, NV",West,2293764,2.7204193631079745,7.986872232714438,0.0041230394461301,0.1369161075259626,0.73276001,0.07626,0.046700001
"Lexington-Fayette, KY",South,517378,2.2420744600659477,6.223689449493406,0.0749590620292132,0.1314949455252068,0.8592694855846058,0.09874102615055269,0.06772796163120923
"Little Rock-North Little Rock-Conway, AR",South,753605,3.9543262053728414,12.261065146860757,0.0370291045651918,0.1386192935101513,0.7468641647164064,0.09477641925918107,0.06790004101466435
"Los Angeles-Long Beach-Anaheim, CA",West,13012469,2.7650402087413233,5.8359408963817705,0.1152349462694094,0.1260912992747383,0.7643682934216001,0.08291236736146128,0.046867512863993044
"Louisville/Jefferson County, KY-IN",South,1361847,2.731584385030036,11.396287541845744,0.1162209092247366,0.0926137200058883,0.8037759769334405,0.09293320961177713,0.08479451490730391
"Madison, WI",Midwest,683967,0.8772359778615072,1.7837117872645905,0.1311214998625018,0.1039421537067891,1.0584294319447658,0.10233843340136818,0.08635758372769324
"McAllen-Edinburg-Mission, TX",South,880921,1.8389844265263284,3.905003967438624,0.0108083779821492,0.1575455120080219,0.52191001,0.080689996,0.020640001
"Memphis, TN-MS-AR",South,1341606,5.166262369863215,25.55105592576467,0.0489453965170332,0.1327898425032956,0.5831517459001211,0.09261147261661111,0.05223298212815539
"Miami-Fort Lauderdale-West Palm Beach, FL",South,6138876,3.4338533633844373,7.519291805209944,0.019908000196815,0.1899472542975371,0.661376932265646,0.08019994499656297,0.03706767007810763
"Milwaukee-Waukesha, WI",Midwest,1566361,1.4172978004431929,12.627995717462325,0.2072856555479839,0.0759014701273458,0.8574324303097137,0.08727801851477085,0.09127337359428633
"Minneapolis-St. Paul-Bloomington, MN-WI",Midwest,3693351,0.8772521214474335,3.3844603450904067,0.1364552017673221,0.1379462655125841,1.0289620955328773,0.09574918936565634,0.07768498538886573
"Modesto, CA",West,552250,3.9474875509280216,3.766410140334993,0.0596070343030829,0.1722861485019539,0.74586999,0.084260002,0.04253
"Nashville-Davidson--Murfreesboro--Franklin, TN",South,2043713,2.573746900861324,6.106532570864891,0.0432978529412101,0.1302238579163402,0.8124771448856951,0.0918058229155953,0.07009801891705496
"New Orleans-Metairie, LA",South,988763,3.519549174069014,25.55105592576467,0.1524749100385733,0.1312983785369726,0.7240511262656123,0.0908129310980325,0.0637905086438912
"New York-Newark-Jersey City, NY-NJ",Northeast,19756722,1.510372014142832,3.4722359306366712,0.2728900736419336,0.0784771958256807,0.8393636515083279,0.08954443672271524,0.05321341005234545
"North Port-Bradenton-Sarasota, FL",South,865031,3.44496324409183,3.537445478832551,0.0143876558083498,0.1788146981140817,0.7474138095457107,0.08834885699601144,0.05981313262990317
"Ogden, UT",West,645510,0.9604808600951186,0.3797521382607232,0.0579569157817101,0.1183073992461845,1.0676934162632994,0.08140014745002443,0.06060209236075453
"Oklahoma City, OK",South,1445122,2.532658142357531,6.1032909332222465,0.055884909384824,0.1384954062857932,0.7825520572520714,0.08745582288565433,0.08355477243265422
"Omaha, NE-IA",Midwest,972840,0.9251264339459728,3.556597179392295,0.1563509440260773,0.0963785333477334,0.8845509714582761,0.09367573531280726,0.07048819411301226
"Orlando-Kissimmee-Sanford, FL",South,2721022,3.3222811134933865,5.990396255524578,0.0146142985404442,0.1852869935866656,0.7615215764471174,0.07897500454640424,0.050279354669305026
"Oxnard-Thousand Oaks-Ventura, CA",West,838259,1.4076794880818455,3.0778076942806463,0.0367349847786024,0.1793104384509131,0.78140998,0.08511999999999999,0.056940001
"Palm Bay-Melbourne-Titusville, FL",South,620533,3.8031821031274737,6.574992788457665,0.00761730755516,0.2412237953413185,0.78833997,0.08901,0.070459999
"Pensacola-Ferry Pass-Brent, FL",South,516994,3.907202017818389,7.543607856184018,0.0261381791788557,0.1646094541785238,0.7458802994521168,0.08788410424308454,0.061283863875048764
"Philadelphia-Camden-Wilmington, PA-NJ-DE-MD",Northeast,6241882,2.1756258769390384,10.721125455431553,0.2150186638693866,0.0987643813011645,0.8962368183211933,0.09133340323293272,0.06244935387199165
"Phoenix-Mesa-Chandler, AZ",West,4941206,3.319027783905387,7.253289986290797,0.0090652442504466,0.1617911453211491,0.7467651481633029,0.07897888312551304,0.04885495294251924
"Pittsburgh, PA",Northeast,2443921,0.9329270463325126,4.656451661080697,0.2583245784176868,0.0766127067520701,0.8867526316822524,0.1040777432600923,0.06931879133237026
"Portland-Vancouver-Hillsboro, OR-WA",West,2510529,2.039410817401432,4.054922289286441,0.1132106365944467,0.1092761285888224,0.9446427695420092,0.08665283262299751,0.09235248593448407
"Port St. Lucie, FL",South,506701,2.091963505104588,4.697050134102755,0.010774490256168,0.251556526027813,0.7093945309984627,0.0866304211913285,0.06595165284426088
"Providence-Warwick, RI-MA",Northeast,1673807,1.0395463754184324,2.282222502355409,0.3083903120416147,0.115571070047106,0.8648615381795786,0.09567628051601469,0.05896853727110843
"Provo-Orem-Lehi, UT",West,695895,0.8772359778615072,0.6035393270536503,0.0388460054033191,0.0849141258201466,1.2176835261095997,0.07645248674586123,0.0696481710787046
"Raleigh-Cary, NC",South,1449594,1.8211995910579095,3.8355567145007496,0.0250506152855666,0.1365290141622983,0.8477883001793753,0.08803245486894687,0.06165396787850752
"Reno, NV",West,556539,2.659292520380423,5.426394196992484,0.0227607254825322,0.1423938262467672,0.8057921256038925,0.08520264345232417,0.07475803818496508
"Richmond, VA",South,1327321,2.1396482086850126,9.327058036450866,0.0879284145344289,0.1533999711406394,0.8580336741302157,0.09282509142824864,0.07251372056126819
"Riverside-San Bernardino-Ontario, CA",West,4637725,3.751839533391911,6.257378348220302,0.0283902495782185,0.2125659258202763,0.7421918319872004,0.08038307943967235,0.03932379984785422
"Rochester, NY",Northeast,1058875,1.548813599338921,6.270806280250265,0.266639779160232,0.1093792120567479,0.7639610700753008,0.09770470549716574,0.06563676625289475
"Sacramento-Roseville-Folsom, CA",West,2406563,3.340864128634904,4.396311253850408,0.0424290170782001,0.1634960080368001,0.8751737454104876,0.08630707428100028,0.06776184311426875
"St. Louis, MO-IL",Midwest,2809414,2.235341605046462,14.579552888965456,0.1607736755268657,0.1112239447099584,0.8504042575431243,0.09330025929673387,0.09289905158306477
"Salt Lake City-Murray, UT",West,1261337,1.63318764136785,3.520074333821968,0.0715716427168406,0.1129755505013956,0.9686465284984697,0.07909308593460737,0.07784431464211333
"San Antonio-New Braunfels, TX",South,2612802,3.0541923957498502,7.432633624744623,0.0401383929604293,0.1389482289248613,0.7473599083704255,0.08042364901081153,0.04847108585214434
"San Diego-Chula Vista-Carlsbad, CA",West,3282782,2.778131475072058,3.1680446645558553,0.0407026560385359,0.1859984668795194,0.90846002,0.084210001,0.05587
"San Francisco-Oakland-Fremont, CA",West,4653593,1.749186059030087,5.46244589932983,0.1953805208353984,0.1062450201498067,1.0173186155750413,0.08630135675603529,0.06742098895710132
"San Jose-Sunnyvale-Santa Clara, CA",West,1969353,2.112368884603218,2.4170374737286813,0.0479748191278423,0.1174976857872377,1.1482790895048889,0.08970975637085288,0.054259496381026395
"Scranton--Wilkes-Barre, PA",Northeast,567887,1.796131976960205,2.5709340062371564,0.3304797959701837,0.0805925353281567,0.8033249839367888,0.10308881068200083,0.062227664067933626
"Seattle-Tacoma-Bellevue, WA",West,4021467,1.7754714883896845,4.824110206549003,0.096531985390949,0.1374821563510904,1.0670223747241068,0.08598695658578157,0.07694732568079782
"Spokane-Spokane Valley, WA",West,591793,2.0615316504250645,4.021676498370207,0.1367630108521814,0.0942117710871723,0.8653352662355996,0.08816188544016756,0.07574885787072971
"Stockton-Lodi, CA",West,787416,3.174941835065582,9.575624574557796,0.0695957574388885,0.1423960190946399,0.72867,0.086479999,0.03596
"Syracuse, NY",Northeast,657128,1.3695961821745537,4.443578724388551,0.2465461057847678,0.1116153183238176,0.7881875569019788,0.10378480836407238,0.06436389870774929
"Tampa-St. Petersburg-Clearwater, FL",South,3240469,3.919185772182977,5.1474030456702415,0.0254959936589996,0.1977274508897433,0.7305928729593965,0.08092662791481287,0.05743427362575532
"Toledo, OH",Midwest,602977,1.260412917905658,9.41992812329492,0.2268326116756239,0.0868926652015926,0.7184165391108299,0.09835231577251663,0.07965581938191592
"Tucson, AZ",West,1049947,4.45736784809138,7.943258088265408,0.0190059279142072,0.1713730967777221,0.71572,0.080949999,0.053169999
"Tulsa, OK",South,1026209,2.4946185426165624,7.230495932115192,0.0670275617225398,0.1385403398466082,0.7652343171966123,0.09041939533317905,0.09495585138801178
"Urban Honolulu, HI",West,1003666,1.6539366681744725,2.849553536734332,0.0299332042360385,0.1281232458390294,1.12176,0.092490003,0.060770001
"Virginia Beach-Chesapeake-Norfolk, VA-NC",South,1782590,1.6044070706107405,10.120106137698516,0.0557169207564284,0.1810025327670974,0.8527056148639763,0.08813567208050294,0.05153851276654739
"Washington-Arlington-Alexandria, DC-VA-MD-WV",South,6263796,1.7657024590200574,6.721163971495879,0.0812811333443403,0.1517885691044469,1.0429362199073293,0.08585626725556467,0.06483128302334912
"Wichita, KS",Midwest,648935,1.756724479339225,7.150176828187723,0.1074010921413308,0.1248947788737561,0.8253038603707714,0.0961950699596885,0.06349089566447323
"Winston-Salem, NC",South,683637,1.7260622230803773,6.582440681238728,0.0609368473266499,0.1452524540517961,0.6290225189082922,0.09801439289156813,0.04690745112882783
"Worcester, MA",Northeast,861664,0.9980688528243028,1.8104504772161771,0.2750244054272011,0.1189287078564253,0.93479002,0.09793999800000001,0.068279997
